{
  "seed": 4,
  "error": 102.71522846223495,
  "success": false,
  "message": "Maximum number of iterations has been exceeded.",
  "iterations": 150,
  "function_evaluations": 36513,
  "valid_fit": true,
  "lambda_": 9.91295054529068,
  "delta": 0.0008535735901124726,
  "k_n": 0.5611356179224709,
  "k_p": 0.5282528333759289,
  "k_d": 0.271272682860701,
  "alpha": 7.82841988244115,
  "beta": 1.5981752396573679,
  "mu": 0.8183038443293097,
  "R0": 0.44984127211762726,
  "time_scale": 0.15235154901617673,
  "pixel_scale": 620.8350962828417,
  "intensity_scale": 201.0014678999213
}