{
  "optimizer": "Powell",
  "success": true,
  "message": "Optimization terminated successfully.",
  "error": 26.632864207944777,
  "iterations": 1,
  "function_evaluations": 211,
  "valid_fit": true,
  "start_from": "seed_runs_mu_2000/best_seed_summary.json",
  "parameters": {
    "lambda_": 8.111456180001682,
    "delta": 0.0030746169373057266,
    "k_n": 0.5268214598463948,
    "k_p": 0.3571352679409038,
    "k_d": 0.2706880561000461,
    "alpha": 7.1697271779307306,
    "beta": 1.0389165996236933,
    "mu": 0.8082721616669037,
    "R0": 0.4477224521788146,
    "time_scale": 0.03068962246664699,
    "pixel_scale": 611.3908287269937,
    "intensity_scale": 200.00004405663887
  },
  "settings": {
    "N_grid": 81,
    "L": 3.0,
    "dt": 0.002,
    "threshold": 0.2,
    "targets": [
      "Radius",
      "GrayMean",
      "IntDen",
      "Feret",
      "Perimeter"
    ]
  }
}