{
  "seed": 4,
  "error": 23.73191800058333,
  "success": false,
  "message": "Maximum number of iterations has been exceeded.",
  "iterations": 150,
  "function_evaluations": 36279,
  "valid_fit": true,
  "lambda_": 2.2329673270460977,
  "delta": 0.029228154027110646,
  "k_n": 0.92520375861275,
  "k_p": 0.23189462765942817,
  "k_d": 0.05229488310733149,
  "alpha": 7.955230343569253,
  "beta": 2.7753784818772718,
  "mu": 0.24430109338586403,
  "R0": 0.39504868501636686,
  "time_scale": 0.030023794479333094,
  "pixel_scale": 610.0735593044047,
  "intensity_scale": 218.00447209134745
}