seed,error,success,message,iterations,function_evaluations,valid_fit,lambda_,delta,k_n,k_p,k_d,alpha,beta,mu,R0,time_scale,pixel_scale,intensity_scale
1,109.60359412887776,False,Maximum number of iterations has been exceeded.,50,4935,True,6.750202585641486,0.0004112339603898202,0.5939770988886218,0.2043178531446413,0.38100668145590294,7.32398004094916,1.2528950095514264,1.401732842254021,0.44417019538111324,0.18934768449633238,625.8975811250444,203.5115818590401
